Workbook

Sheet Panel
A1: CantaX Propeller Lab — Panel
A2: Calculated preliminary estimates. No measured polar, certified naval assessment or validated 3D CFD.
A5: Base result | B5: Value | C5: Unit | D5: Scope
A6: Execution | B6: NOT RUN | D6: Saved run
A7: Diameter | B7: 0.3 | C7: m | D7: Scenario
A8: Thrust | B8: NOT CALCULATED | C8: N | D8: Preliminary BEM
A9: Torque | B9: NOT CALCULATED | C9: N m | D9: Preliminary BEM
A10: Shaft power | B10: NOT CALCULATED | C10: W | D10: Preliminary BEM
A11: Open-water efficiency | B11: NOT CALCULATED | C11: 1 | D11: Preliminary BEM
A12: CAD mass | B12: NOT CALCULATED | C12: kg | D12: Geometry and typical density
A13: Screening recommendation | B13: NOT RANKED | D13: Hydrodynamic/mass/CAD only
A14: Structural status | B14: NOT CALCULATED | D14: Preliminary elastic estimate
A15: Physical validation | B15: UNAVAILABLE | D15: Requires experiments
A16: Freshness | B16: NOT RUN | D16: Edits require a new run
A17: Dynamic scenario | B17: NOT CALCULATED | D17: No forced tracking pass
A18: Final requested torque | B18: NOT CALCULATED | C18: N m | D18: Check motor capacity
A21: Edit Control/Radial → save/close Excel → Start_CantaX.bat → full run.
A22: No macros, external data connections, remote calls or changes to Office security policy.

Sheet Control
A1: CantaX Propeller Lab — Control
A2: Amber inputs. Save and close Excel before launching; all inputs are explicit scenarios.
A5: Parameter | B5: Value | C5: Unit | D5: Minimum | E5: Maximum | F5: Input check | G5: Use | H5: Run input | I5: Changed since run
A6: diameter_m | B6: 0.3 | C6: m | D6: 0.15 | E6: 0.6 | F6: =IF(B6="","MISSING",IF(OR(B6<D6,B6>E6),"OUT OF RANGE","OK")) | G6: SCENARIO
A7: blades | B7: 4 | C7: 1 | D7: 3 | E7: 5 | F7: =IF(B7="","MISSING",IF(OR(B7<D7,B7>E7),"OUT OF RANGE","OK")) | G7: SCENARIO
A8: pitch_ratio | B8: 0.8 | C8: 1 | D8: 0.5 | E8: 1.1 | F8: =IF(B8="","MISSING",IF(OR(B8<D8,B8>E8),"OUT OF RANGE","OK")) | G8: SCENARIO
A9: expanded_area_ratio | B9: 0.55 | C9: 1 | D9: 0.35 | E9: 0.85 | F9: =IF(B9="","MISSING",IF(OR(B9<D9,B9>E9),"OUT OF RANGE","OK")) | G9: SCENARIO
A10: thickness_ratio | B10: 0.08 | C10: 1 | D10: 0.04 | E10: 0.12 | F10: =IF(B10="","MISSING",IF(OR(B10<D10,B10>E10),"OUT OF RANGE","OK")) | G10: SCENARIO
A11: skew_deg | B11: 12 | C11: deg | D11: 0 | E11: 20 | F11: =IF(B11="","MISSING",IF(OR(B11<D11,B11>E11),"OUT OF RANGE","OK")) | G11: SCENARIO
A12: rake_ratio | B12: 0.04 | C12: 1 | D12: 0 | E12: 0.08 | F12: =IF(B12="","MISSING",IF(OR(B12<D12,B12>E12),"OUT OF RANGE","OK")) | G12: SCENARIO
A13: hub_ratio | B13: 0.2 | C13: 1 | D13: 0.18 | E13: 0.28 | F13: =IF(B13="","MISSING",IF(OR(B13<D13,B13>E13),"OUT OF RANGE","OK")) | G13: SCENARIO
A14: rpm | B14: 900 | C14: rpm | D14: 500 | E14: 1400 | F14: =IF(B14="","MISSING",IF(OR(B14<D14,B14>E14),"OUT OF RANGE","OK")) | G14: SCENARIO
A15: advance_mps | B15: 2 | C15: m/s | D15: 1 | E15: 3 | F15: =IF(B15="","MISSING",IF(OR(B15<D15,B15>E15),"OUT OF RANGE","OK")) | G15: SCENARIO
A16: available_power_W | B16: 3000 | C16: W | D16: 100 | E16: 10000 | F16: =IF(B16="","MISSING",IF(OR(B16<D16,B16>E16),"OUT OF RANGE","OK")) | G16: SCENARIO
A17: required_thrust_N | B17: 100 | C17: N | D17: 1 | E17: 1000 | F17: =IF(B17="","MISSING",IF(OR(B17<D17,B17>E17),"OUT OF RANGE","OK")) | G17: SCENARIO
... A23: ambient_pressure_Pa | B23: 101325 | C23: Pa | D23: 80000 | E23: 110000 | F23: =IF(B23="","MISSING",IF(OR(B23<D23,B23>E23),"OUT OF RANGE","OK")) | G23: SCENARIO
A24: material | B24: NAB_C95800 | C24: id | F24: =IF(B24="","MISSING","CHECK MATERIAL") | G24: SCENARIO
A25: maximum_mass_kg | B25: 8 | C25: kg | D25: 0.1 | E25: 30 | F25: =IF(B25="","MISSING",IF(OR(B25<D25,B25>E25),"OUT OF RANGE","OK")) | G25: SCENARIO
A26: shaft_inertia_kgm2 | B26: 0.05 | C26: kg·m² | D26: 0.001 | E26: 1 | F26: =IF(B26="","MISSING",IF(OR(B26<D26,B26>E26),"OUT OF RANGE","OK")) | G26: SCENARIO
A27: kp_Nm_per_radps | B27: 0.6 | C27: N·m/(rad/s) | D27: 0.01 | E27: 5 | F27: =IF(B27="","MISSING",IF(OR(B27<D27,B27>E27),"OUT OF RANGE","OK")) | G27: SCENARIO
A28: ki_Nm_per_rad | B28: 0.8 | C28: N·m/rad | D28: 0.01 | E28: 5 | F28: =IF(B28="","MISSING",IF(OR(B28<D28,B28>E28),"OUT OF RANGE","OK")) | G28: SCENARIO
A29: motor_torque_limit_Nm | B29: 25 | C29: N·m | D29: 1 | E29: 100 | F29: =IF(B29="","MISSING",IF(OR(B29<D29,B29>E29),"OUT OF RANGE","OK")) | G29: SCENARIO
A30: duration_s | B30: 18 | C30: s | D30: 18 | E30: 60 | F30: =IF(B30="","MISSING",IF(OR(B30<D30,B30>E30),"OUT OF RANGE","OK")) | G30: SCENARIO

Sheet Radial
A1: CantaX Propeller Lab — Radial
A2: Nominal strip chord normalization; CAD tip clipping is accounted for separately.
A5: r/R | B5: Chord weight | C5: Pitch factor | D5: Thickness factor | E5: Skew factor | F5: Rake factor | G5: Chord (m) | H5: Integral (m) | J5: Normalization integral
A6: 0.18 | B6: 0.38 | C6: 1 | D6: 1.25 | E6: 0 | F6: 0 | G6: =B6*Control!$B$9*PI()*Control!$B$6^2/(4*Control!$B$7*$J$6) | H6: =(A7-A6)*(B7+B6)/2*Control!$B$6/2 | J6: =SUM(H6:H13)
A7: 0.3 | B7: 0.75 | C7: 1 | D7: 1.18 | E7: 0.1 | F7: 0.1 | G7: =B7*Control!$B$9*PI()*Control!$B$6^2/(4*Control!$B$7*$J$6) | H7: =(A8-A7)*(B8+B7)/2*Control!$B$6/2
A8: 0.45 | B8: 1 | C8: 1 | D8: 1.1 | E8: 0.28 | F8: 0.28 | G8: =B8*Control!$B$9*PI()*Control!$B$6^2/(4*Control!$B$7*$J$6) | H8: =(A9-A8)*(B9+B8)/2*Control!$B$6/2
A9: 0.6 | B9: 1.08 | C9: 1 | D9: 1 | E9: 0.48 | F9: 0.48 | G9: =B9*Control!$B$9*PI()*Control!$B$6^2/(4*Control!$B$7*$J$6) | H9: =(A10-A9)*(B10+B9)/2*Control!$B$6/2
A10: 0.75 | B10: 0.98 | C10: 1 | D10: 0.88 | E10: 0.7 | F10: 0.7 | G10: =B10*Control!$B$9*PI()*Control!$B$6^2/(4*Control!$B$7*$J$6) | H10: =(A11-A10)*(B11+B10)/2*Control!$B$6/2
A11: 0.88 | B11: 0.72 | C11: 1 | D11: 0.78 | E11: 0.86 | F11: 0.86 | G11: =B11*Control!$B$9*PI()*Control!$B$6^2/(4*Control!$B$7*$J$6) | H11: =(A12-A11)*(B12+B11)/2*Control!$B$6/2
A12: 0.97 | B12: 0.32 | C12: 1 | D12: 0.68 | E12: 0.97 | F12: 0.97 | G12: =B12*Control!$B$9*PI()*Control!$B$6^2/(4*Control!$B$7*$J$6) | H12: =(A13-A12)*(B13+B12)/2*Control!$B$6/2
A13: 1 | B13: 0.08 | C13: 1 | D13: 0.65 | E13: 1 | F13: 1 | G13: =B13*Control!$B$9*PI()*Control!$B$6^2/(4*Control!$B$7*$J$6) | H13: =0

Sheet Alternativas
A1: CantaX Propeller Lab — Alternativas
A5: ID | B5: Blades | C5: P/D | D5: EAR | E5: D (m) | F5: T (N) | G5: Q (N m) | H5: P (W) | I5: Efficiency | J5: Mass (kg) | K5: BEM domain | L5: CAD valid | M5: Screening feasible | N5: Rank | O5: Elastic analysis

Sheet Curvas
A1: CantaX Propeller Lab — Curvas
A5: J | B5: KT | C5: KQ | D5: Efficiency | E5: Advance (m/s) | F5: RPM

Sheet Materiales
A1: CantaX Propeller Lab — Materiales
A5: ID | B5: Material | C5: Density (kg/m3) | D5: E (GPa) | E5: Poisson | F5: Yield (MPa) | G5: Classification | H5: Source
A6: NAB_C95800 | B6: Bronce níquel-aluminio UNS C95800 | C6: 7640 | D6: 113.7635 | E6: 0.32 | F6: UNAVAILABLE | G6: Typical public property; not certified | H6: https://alloys.copper.org/alloy/C95800
A7: SS316L | B7: Acero inoxidable 316L / EN 1.4404 (datos de producto plano) | C7: 8000 | D7: 200 | E7: UNAVAILABLE | F7: UNAVAILABLE | G7: Typical public property; not certified | H7: https://www.outokumpu.com/en/products/product-ranges/-/media/files/products/supra/outokumpu-supra-range-datasheet.pdf?modified=20251117111951&revision=7a909396-d1f3-4d36-9c1c-99606be41fd2
A8: AL6061_T6 | B8: Aluminio 6061-T6 (referencia extruida; masa solamente) | C8: 2712.6307 | D8: UNAVAILABLE | E8: UNAVAILABLE | F8: UNAVAILABLE | G8: Typical public property; not certified | H8: https://www.hydro.com/globalassets/01-products--services/extruded-profiles/americas/ena-resources/alloy-data-sheets/hydro_2019_data_sheet_6061.pdf

Sheet Verificacion
A1: CantaX Propeller Lab — Verificacion
A5: Stage | B5: Status | C5: Evidence / scope
A6: Integration | B6: NOT EXECUTED | C6: Run the configured native engines to generate new results
